name,category,address,borough,neighborhood,latitude,longitude,phone,website,hours,is_free,description
St. Mark's Episcopal Church,food,"33-50 82nd St, Jackson Heights, NY 11372, USA",Queens,Jackson Heights,40.7541133,-73.8853901,(718) 639-8893,https://www.saintmarks.net/,,unknown,Google Places result for: food pantry Jackson Heights NYC
The Salvation Army Queens Temple Corps Community Center,food,"86-07 35th Ave, Jackson Heights, NY 11372, USA",Queens,Jackson Heights,40.7524769,-73.8805361,(718) 335-3693,http://salvationarmyny.org/,Monday: 9:00 AM – 3:00 PM; Tuesday: 9:00 AM – 3:00 PM; Wednesday: 9:00 AM – 3:00 PM; Thursday: 9:00 AM – 3:00 PM; Friday: 9:00 AM – 3:00 PM; Saturday: Closed; Sunday: Closed,unknown,Google Places result for: food pantry Jackson Heights NYC
Salvation Army - Queens Temple Community Center - Food Pantry,food,"86-07 35th Ave, Jackson Heights, NY 11372, USA",Queens,Jackson Heights,40.7524467,-73.88063559999999,(718) 335-3693,https://www.coalitionforthehomeless.org/resources/salvation-army-queens-temple-community-center/,Monday: 11:30 AM – 1:00 PM; Tuesday: 11:30 AM – 1:00 PM; Wednesday: 11:30 AM – 1:00 PM; Thursday: 11:30 AM – 1:00 PM; Friday: 11:30 AM – 1:00 PM; Saturday: Closed; Sunday: Closed,unknown,Google Places result for: food pantry Jackson Heights NYC
La Jornada Food Pantrie,food,"Jackson Heights, NY 11372, USA",Queens,Jackson Heights,40.7532721,-73.889515,,,,unknown,Google Places result for: food pantry Jackson Heights NYC
Saint Mark AME Church – The Voices of Hagar - Food Distribution Center,food,"95-18 Northern Blvd, Jackson Heights, NY 11372, USA",Queens,Jackson Heights,40.7567812,-73.8724448,(718) 205-0506,,Monday: Closed; Tuesday: 10:00 AM – 12:30 PM; Wednesday: Closed; Thursday: Closed; Friday: Closed; Saturday: Closed; Sunday: Closed,unknown,Google Places result for: food pantry Jackson Heights NYC
Colectivo Intercultural TRANSgrediendo,food,"37-63 83rd St # 1b, Jackson Heights, NY 11372, USA",Queens,Jackson Heights,40.7479973,-73.8828492,(347) 738-6989,https://www.ourvoicesarefree.org/,Monday: Closed; Tuesday: 12:00 – 7:00 PM; Wednesday: 12:00 – 7:00 PM; Thursday: 12:00 – 7:00 PM; Friday: 12:00 – 7:00 PM; Saturday: 12:00 – 7:00 PM; Sunday: Closed,unknown,Google Places result for: food pantry Jackson Heights NYC
The Salvation Army Temple Corp (queens) - Food Distribution Center,food,"86-07 35th Ave, Jackson Heights, NY 11372, USA",Queens,Jackson Heights,40.752496099999995,-73.8804085,(718) 335-3693,https://easternusa.salvationarmy.org/greater-new-york/,,unknown,Google Places result for: food pantry Jackson Heights NYC
Christ Is The Light Church - Food Distribution Center,food,"89-14 48th Ave, Flushing, NY 11373, USA",Queens,Flushing,40.74100730000001,-73.87490629999999,(718) 291-9281,,,unknown,Google Places result for: food pantry Jackson Heights NYC
St Marks Ame Church,food,"95-18 Northern Blvd, Flushing, NY 11372, USA",Queens,Flushing,40.7567005,-73.87240729999999,(718) 899-3306,https://stmarkamenyc.org/,,unknown,Google Places result for: food pantry Jackson Heights NYC
Jackson Heights Beautification,food,"Robert Morris Apartments, 79-04 37th Ave, Jackson Heights, NY 11372, USA",Queens,Jackson Heights,40.749307099999996,-73.8867909,(718) 565-5344,,,unknown,Google Places result for: food pantry Jackson Heights NYC
Roosevelt Community Health Center of Excellence,health,"37-50 72nd St, Jackson Heights, NY 11372, USA",Queens,Jackson Heights,40.7472224,-73.8939245,(332) 208-2548,,,unknown,Google Places result for: free clinic Jackson Heights NYC
NYC Community Health Center,health,"73-21 37th Rd, Jackson Heights, NY 11372, USA",Queens,Jackson Heights,40.7473276,-73.89167599999999,(718) 885-5543,,Monday: 8:30 AM – 7:30 PM; Tuesday: 8:30 AM – 7:30 PM; Wednesday: 8:30 AM – 7:30 PM; Thursday: 8:30 AM – 7:30 AM; Friday: 8:30 AM – 7:30 PM; Saturday: 8:30 AM – 7:30 PM; Sunday: 8:30 AM – 7:30 PM,unknown,Google Places result for: free clinic Jackson Heights NYC
"NYC Health + Hospitals/Gotham Health, Roosevelt",health,"37-50 72nd St, Jackson Heights, NY 11372, USA",Queens,Jackson Heights,40.747284,-73.8943335,(844) 692-4692,https://www.nychealthandhospitals.org/locations/?distance=10&facility_type=168&view-type=list-view,Monday: 8:30 AM – 7:00 PM; Tuesday: 8:30 AM – 5:00 PM; Wednesday: 8:30 AM – 5:00 PM; Thursday: 8:30 AM – 7:00 PM; Friday: 8:30 AM – 5:00 PM; Saturday: 8:30 AM – 4:30 PM; Sunday: Closed,unknown,Google Places result for: free clinic Jackson Heights NYC
Apicha Community Health Center - Jackson Heights-Queens,health,"82-11 37th Ave, Jackson Heights, NY 11372, USA",Queens,Jackson Heights,40.7500058,-73.8838809,(718) 567-5200,https://www.apicha.org/locations/jackson-heights-clinic/,Monday: 9:00 AM – 5:30 PM; Tuesday: 9:00 AM – 5:30 PM; Wednesday: 9:00 AM – 7:00 PM; Thursday: 9:00 AM – 7:00 PM; Friday: 9:00 AM – 5:30 PM; Saturday: 9:00 AM – 4:00 PM; Sunday: Closed,unknown,Google Places result for: free clinic Jackson Heights NYC
Junction Boulevard Clinic,health,"34-33 Junction Blvd, Jackson Heights, NY 11372, USA",Queens,Jackson Heights,40.7543569,-73.872153,(718) 334-6150,https://www.nychealthandhospitals.org/elmhurst/community-medical-centers/,Monday: 8:30 AM – 3:30 PM; Tuesday: 8:30 AM – 3:30 PM; Wednesday: 8:30 AM – 3:30 PM; Thursday: 8:30 AM – 6:00 PM; Friday: 8:30 AM – 3:30 PM; Saturday: Closed; Sunday: Closed,unknown,Google Places result for: free clinic Jackson Heights NYC
"NYC Health + Hospitals/Gotham Health, Jackson Heights",health,"34-33 Junction Blvd, Jackson Heights, NY 11372, USA",Queens,Jackson Heights,40.754135100000006,-73.871994,(844) 692-4692,https://www.nychealthandhospitals.org/locations/?distance=10&facility_type=168&view-type=list-view,Monday: 8:30 AM – 4:30 PM; Tuesday: 8:30 AM – 4:30 PM; Wednesday: 8:30 AM – 4:30 PM; Thursday: 10:30 AM – 6:30 PM; Friday: 8:30 AM – 4:30 PM; Saturday: Closed; Sunday: Closed,unknown,Google Places result for: free clinic Jackson Heights NYC
Corona Sexual Health Clinic,health,"34-33 Junction Blvd 1st floor, Jackson Heights, NY 11372, USA",Queens,Jackson Heights,40.754230299999996,-73.8720505,(347) 396-7959,http://www1.nyc.gov/site/doh/services/sexual-health-clinics.page,Monday: 8:30 AM – 3:30 PM; Tuesday: 8:30 AM – 3:30 PM; Wednesday: 8:30 AM – 3:30 PM; Thursday: 8:30 AM – 7:15 PM; Friday: 8:30 AM – 3:30 PM; Saturday: Closed; Sunday: Closed,unknown,Google Places result for: free clinic Jackson Heights NYC
Jackson Heights Women’s Gynecological PC,health,"78-13 Roosevelt Ave, Jackson Heights, NY 11372, USA",Queens,Jackson Heights,40.7474335,-73.887075,(718) 205-0234,https://abortionsqueens.com/,Monday: 9:00 AM – 5:00 PM; Tuesday: 9:00 AM – 5:00 PM; Wednesday: 9:00 AM – 5:00 PM; Thursday: 9:00 AM – 5:00 PM; Friday: 9:00 AM – 8:00 PM; Saturday: 9:00 AM – 6:00 PM; Sunday: 9:00 AM – 6:00 PM,unknown,Google Places result for: free clinic Jackson Heights NYC
Jackson Heights Family Health Center,health,"73-15 Northern Blvd, Jackson Heights, NY 11372, USA",Queens,Jackson Heights,40.7549984,-73.893181,(718) 424-2788,https://www.nyp.org/queens/centers-in-the-community/jackson-heights-family-health-center,Monday: 9:00 AM – 5:00 PM; Tuesday: 9:00 AM – 5:00 PM; Wednesday: 9:00 AM – 5:00 PM; Thursday: 9:00 AM – 5:00 PM; Friday: 9:00 AM – 5:00 PM; Saturday: 10:00 AM – 2:00 PM; Sunday: Closed,unknown,Google Places result for: free clinic Jackson Heights NYC
"MetroPlus, Queens Community Office",health,"92-14 Roosevelt Ave, Jackson Heights, NY 11372, USA",Queens,Jackson Heights,40.7485724,-73.87395269999999,(866) 496-6636,http://www.metroplus.org/,Monday: 9:00 AM – 6:00 PM; Tuesday: 9:00 AM – 6:00 PM; Wednesday: 9:00 AM – 6:00 PM; Thursday: 9:00 AM – 6:00 PM; Friday: 9:00 AM – 6:00 AM; Saturday: 10:00 AM – 5:00 AM; Sunday: Closed,unknown,Google Places result for: free clinic Jackson Heights NYC
ModernMD Urgent Care - Jackson Heights,health,"37-33 82nd St, Jackson Heights, NY 11372, USA",Queens,Jackson Heights,40.7487213,-73.8838633,(646) 604-8190,https://modernmduc.com/locations/jackson-heights/,Monday: 8:00 AM – 8:00 PM; Tuesday: 8:00 AM – 8:00 PM; Wednesday: 8:00 AM – 8:00 PM; Thursday: 8:00 AM – 8:00 PM; Friday: 8:00 AM – 8:00 PM; Saturday: 8:30 AM – 6:30 PM; Sunday: 8:30 AM – 6:30 PM,unknown,Google Places result for: free clinic Jackson Heights NYC
CityMD Jackson Heights Urgent Care - Queens,health,"73-02 Roosevelt Ave, Jackson Heights, NY 11372, USA",Queens,Jackson Heights,40.7466047,-73.8921359,(718) 475-2351,https://www.citymd.com/urgent-care-locations/ny/jackson-heights?utm_source=google&utm_medium=GMB_listings&utm_campaign=citymd_locations_GMB_listings,Monday: 8:00 AM – 8:00 PM; Tuesday: 8:00 AM – 8:00 PM; Wednesday: 8:00 AM – 8:00 PM; Thursday: 8:00 AM – 8:00 PM; Friday: 8:00 AM – 8:00 PM; Saturday: 9:00 AM – 6:00 PM; Sunday: 9:00 AM – 6:00 PM,unknown,Google Places result for: free clinic Jackson Heights NYC
Nao Medical - Jackson Heights Urgent Care,health,"80-10 Northern Blvd, Jackson Heights, NY 11372, USA",Queens,Jackson Heights,40.7551578,-73.8868976,(917) 310-3371,https://naomedical.com/urgent-care/locations/jackson-heights.html,Monday: 8:30 AM – 8:00 PM; Tuesday: 8:30 AM – 8:00 PM; Wednesday: 8:30 AM – 8:00 PM; Thursday: 8:30 AM – 8:00 PM; Friday: 8:30 AM – 8:00 PM; Saturday: 9:00 AM – 5:00 PM; Sunday: 9:00 AM – 5:00 PM,unknown,Google Places result for: free clinic Jackson Heights NYC
Lenox Hill Radiology | Jackson Heights,health,"37-17 76th St, Jackson Heights, NY 11372, USA",Queens,Jackson Heights,40.74869700000001,-73.88958339999999,(718) 424-1400,https://www.radnet.com/lenox-hill-radiology/for-patients/request-appointment?utm_source=GMB&utm_medium=LHR_JacksonHeights_Web&utm_campaign=GMB_LHR_JacksonHeights,Monday: 7:00 AM – 8:00 PM; Tuesday: 7:00 AM – 8:00 PM; Wednesday: 7:00 AM – 8:00 PM; Thursday: 7:00 AM – 8:00 PM; Friday: 7:00 AM – 8:00 PM; Saturday: 9:00 AM – 5:00 PM; Sunday: 8:00 AM – 4:00 PM,unknown,Google Places result for: free clinic Jackson Heights NYC
NUTRA HERBAL HOMEOPATHIC CENTER,health,"72-15 35th Ave, Jackson Heights, NY 11372, USA",Queens,Jackson Heights,40.7509588,-73.89356339999999,(718) 396-3600,https://homeopathicusa.net/,Monday: 10:00 AM – 8:00 PM; Tuesday: 10:00 AM – 8:00 PM; Wednesday: 10:00 AM – 8:00 PM; Thursday: 10:00 AM – 8:00 PM; Friday: 10:00 AM – 8:00 PM; Saturday: 11:00 AM – 7:00 PM; Sunday: 11:00 AM – 7:00 PM,unknown,Google Places result for: free clinic Jackson Heights NYC
Queens Public Library at Jackson Heights,health,"35-51 81st St, Jackson Heights, NY 11372, USA",Queens,Jackson Heights,40.750206399999996,-73.8850497,(718) 899-2500,http://www.queenslibrary.org/,Monday: 10:00 AM – 6:00 PM; Tuesday: 1:00 – 6:00 PM; Wednesday: 10:00 AM – 6:00 PM; Thursday: 12:00 – 8:00 PM; Friday: 10:00 AM – 6:00 PM; Saturday: 10:00 AM – 5:00 PM; Sunday: 12:00 – 5:00 PM,unknown,Google Places result for: free clinic Jackson Heights NYC
all county health care,health,"70-32 Broadway, Jackson Heights, NY 11372, USA",Queens,Jackson Heights,40.7479972,-73.89497879999999,(917) 400-3880,,,unknown,Google Places result for: free clinic Jackson Heights NYC
CIVA - Centre for Immigration and Visa Assistance,immigrant_services,"37-22 73rd St #1D, Jackson Heights, NY 11372, USA",Queens,Jackson Heights,40.748190799999996,-73.8929694,(347) 279-8366,https://civa.network/,Monday: 2:30 – 10:30 PM; Tuesday: 2:30 – 10:30 PM; Wednesday: 2:30 – 10:30 PM; Thursday: 2:30 – 10:30 PM; Friday: 2:30 – 10:30 PM; Saturday: 2:30 – 11:00 PM; Sunday: 2:30 – 11:00 PM,unknown,Google Places result for: immigrant services Jackson Heights NYC
Jackson Heights Immigration,immigrant_services,"80-07 Roosevelt Ave, Flushing, NY 11372, USA",Queens,Flushing,40.752018199999995,-73.8774105,,,Monday: 9:00 AM – 4:00 PM; Tuesday: 9:00 AM – 4:00 PM; Wednesday: 9:00 AM – 4:00 PM; Thursday: 9:00 AM – 4:00 PM; Friday: 9:00 AM – 4:00 PM; Saturday: 9:00 AM – 4:00 PM; Sunday: Closed,unknown,Google Places result for: immigrant services Jackson Heights NYC
Gehi & Associates,legal,"74-09 37th Ave, Jackson Heights, NY 11372, USA",Queens,Jackson Heights,40.749221899999995,-73.8914168,(718) 263-5999,http://www.gehilaw.com/,Monday: 10:30 AM – 6:00 PM; Tuesday: 10:30 AM – 6:00 PM; Wednesday: 10:30 AM – 6:00 PM; Thursday: 10:30 AM – 6:00 PM; Friday: 10:30 AM – 6:00 PM; Saturday: 11:00 AM – 2:30 PM; Sunday: 11:00 AM – 2:30 PM,unknown,Google Places result for: immigrant services Jackson Heights NYC
New Immigrant Community Empowerment (NICE),immigrant_services,"71-21 Roosevelt Ave, Jackson Heights, NY 11372, USA",Queens,Jackson Heights,40.7466937,-73.8940207,(718) 205-1687,http://www.nynice.org/,Monday: 9:00 AM – 5:00 PM; Tuesday: 9:00 AM – 5:00 PM; Wednesday: 9:00 AM – 5:00 PM; Thursday: 9:00 AM – 5:00 PM; Friday: 9:00 AM – 5:00 PM; Saturday: Closed; Sunday: Closed,unknown,Google Places result for: immigrant services Jackson Heights NYC
MMIGRATION LLC SEDE PRINCIPAL,immigrant_services,"37-06 82nd St, Jackson Heights, NY 11372, USA",Queens,Jackson Heights,40.7494857,-73.8845213,(646) 427-2634,https://m-migration.com/,Monday: 9:00 AM – 8:30 PM; Tuesday: 9:00 AM – 8:30 PM; Wednesday: 9:00 AM – 8:30 PM; Thursday: 9:00 AM – 8:30 PM; Friday: 9:00 AM – 8:30 PM; Saturday: 9:00 AM – 8:30 PM; Sunday: Closed,unknown,Google Places result for: immigrant services Jackson Heights NYC
Global Multi Services Inc,immigrant_services,"37-18 74th St. Suite 202, Jackson Heights, NY 11372, USA",Queens,Jackson Heights,40.7483705,-73.8919446,(718) 205-2360,,Monday: 9:00 AM – 8:00 PM; Tuesday: 9:00 AM – 8:00 PM; Wednesday: 9:00 AM – 8:00 PM; Thursday: 9:00 AM – 8:00 PM; Friday: 9:00 AM – 8:00 PM; Saturday: 9:00 AM – 8:00 PM; Sunday: 11:00 AM – 5:00 PM,unknown,Google Places result for: immigrant services Jackson Heights NYC
Lumbini Worldwide Inc.,immigrant_services,"37-40 77th St, Jackson Heights, NY 11372, USA",Queens,Jackson Heights,40.748054599999996,-73.8891028,(718) 795-7585,,,unknown,Google Places result for: immigrant services Jackson Heights NYC
"Casa del Inmigrante: Inmigracion, OSHA, ITIN Taxes, Seguros, Real Estate",legal,"95-51 Roosevelt Ave 2nd floor, Jackson Heights, NY 11372, USA",Queens,Jackson Heights,40.7492865,-73.8700438,(917) 525-2045,https://www.inmigrante.casa/,Monday: 8:00 AM – 8:00 PM; Tuesday: 8:00 AM – 8:00 PM; Wednesday: 8:00 AM – 8:00 PM; Thursday: 8:00 AM – 8:00 PM; Friday: 8:00 AM – 8:00 PM; Saturday: 7:00 AM – 7:00 PM; Sunday: 7:00 AM – 7:00 PM,unknown,Google Places result for: immigrant services Jackson Heights NYC
Voces Latinas,immigrant_services,"37-63C 83rd St 2nd Floor, Jackson Heights, NY 11372, USA",Queens,Jackson Heights,40.7481211,-73.8829427,(718) 593-4528,http://voceslatinas.org/,Monday: 10:00 AM – 6:00 PM; Tuesday: 10:00 AM – 6:00 PM; Wednesday: 10:00 AM – 6:00 PM; Thursday: 10:00 AM – 6:00 PM; Friday: 10:00 AM – 6:00 PM; Saturday: Closed; Sunday: Closed,unknown,Google Places result for: immigrant services Jackson Heights NYC
Horizonte de Esperanza Corp,immigrant_services,"81-06 Roosevelt Ave, Jackson Heights, NY 11372, USA",Queens,Jackson Heights,40.7473653,-73.8845358,(929) 372-3768,,Monday: 9:00 AM – 1:00 PM; Tuesday: 9:00 AM – 1:00 PM; Wednesday: 9:00 AM – 1:00 PM; Thursday: 9:00 AM – 1:00 PM; Friday: 9:00 AM – 1:00 PM; Saturday: 9:00 AM – 1:00 PM; Sunday: Closed,unknown,Google Places result for: immigrant services Jackson Heights NYC
"Tortorelli Immigration Law Center, PLLC",legal,"95-13 Roosevelt Ave, Jackson Heights, NY 11372, USA",Queens,Jackson Heights,40.7491588,-73.8713221,(855) 314-7464,http://www.centrodeinmigracion.us/,Monday: Closed; Tuesday: 12:00 – 8:00 PM; Wednesday: 12:00 – 8:00 PM; Thursday: 12:00 – 8:00 PM; Friday: 12:00 – 8:00 PM; Saturday: 12:00 – 8:00 PM; Sunday: Closed,unknown,Google Places result for: immigrant services Jackson Heights NYC
Tri-State One Multi Services,immigrant_services,"37-14 73rd St, Jackson Heights, NY 11372, USA",Queens,Jackson Heights,40.7484093,-73.8929416,(718) 672-7100,,,unknown,Google Places result for: immigrant services Jackson Heights NYC
Paula DeMattia Immigrations Services,immigrant_services,"82-11 37th Ave, Jackson Heights, NY 11372, USA",Queens,Jackson Heights,40.7500293,-73.8836551,(646) 671-2446,https://paulademattia.com/,Monday: 10:00 AM – 5:00 PM; Tuesday: 10:00 AM – 5:00 PM; Wednesday: 10:00 AM – 5:00 PM; Thursday: 10:00 AM – 5:00 PM; Friday: 10:00 AM – 5:00 PM; Saturday: Closed; Sunday: Closed,unknown,Google Places result for: immigrant services Jackson Heights NYC
Immigrant Elder Homecare LLC,immigrant_services,"37-05 74th St. 2nd floor, Jackson Heights, NY 11372, USA",Queens,Jackson Heights,40.7487752,-73.8916244,(718) 457-0813,,Monday: 10:00 AM – 5:00 PM; Tuesday: 10:00 AM – 5:00 PM; Wednesday: 10:00 AM – 5:00 PM; Thursday: 10:00 AM – 5:00 PM; Friday: 10:00 AM – 5:00 PM; Saturday: Closed; Sunday: Closed,unknown,Google Places result for: immigrant services Jackson Heights NYC
Inmigracion,legal,"79-13 Roosevelt Ave, Flushing, NY 11372, USA",Queens,Flushing,40.747521299999995,-73.8861634,(929) 529-3404,,Monday: 10:00 AM – 6:00 PM; Tuesday: 10:00 AM – 6:00 PM; Wednesday: 10:00 AM – 6:00 PM; Thursday: 10:00 AM – 6:00 PM; Friday: 10:00 AM – 6:00 PM; Saturday: 10:00 AM – 6:00 PM; Sunday: Closed,unknown,Google Places result for: immigrant services Jackson Heights NYC
Flushing Community Partner Mobile Market - Food Distribution Center,food,"42-07 Parsons Blvd, Flushing, NY 11355, USA",Queens,Flushing,40.758044999999996,-73.81879,,,,unknown,Google Places result for: food pantry Flushing NYC
Icna Relief Food Pantry,food,"140-32 Cherry Ave, Flushing, NY 11355, USA",Queens,Flushing,40.754394399999995,-73.821624,(929) 329-7986,http://www.icnarelief.org/,Monday: Closed; Tuesday: Closed; Wednesday: 11:30 AM – 2:00 PM; Thursday: Closed; Friday: Closed; Saturday: Closed; Sunday: Closed,unknown,Google Places result for: food pantry Flushing NYC
Kehilat Food Pantry,food,"150-62 78th Rd, Flushing, NY 11367, USA",Queens,Flushing,40.7210021,-73.81152399999999,,http://kehilatpantry.org/,Monday: 10:00 AM – 2:00 PM; Tuesday: 11:00 AM – 1:00 PM; Wednesday: 10:00 AM – 2:00 PM; Thursday: 11:00 AM – 1:00 PM; Friday: Closed; Saturday: Closed; Sunday: 10:00 AM – 4:00 PM,unknown,Google Places result for: food pantry Flushing NYC
Saint Michael's Church - Food Distribution Center,food,"36-26 41st Ave, Flushing, NY 11368, USA",Queens,Flushing,40.7589298,-73.8262446,(718) 961-0295,,Monday: 9:30 AM – 6:30 PM; Tuesday: 9:30 AM – 6:30 PM; Wednesday: 9:30 AM – 6:30 PM; Thursday: 9:30 AM – 6:30 PM; Friday: 9:30 AM – 6:30 PM; Saturday: Closed; Sunday: Closed,unknown,Google Places result for: food pantry Flushing NYC
Emmanuel Community Church - Food Distribution Center,food,"150-20 Barclay Ave, Flushing, NY 11355, USA",Queens,Flushing,40.761752699999995,-73.8127999,(718) 460-2063,,,unknown,Google Places result for: food pantry Flushing NYC
Queens Community House- Pomonok Community Center,food,"67-09 Kissena Blvd, Flushing, NY 11367, USA",Queens,Flushing,40.7349436,-73.8143766,(718) 591-6060,https://www.qchnyc.org/,,unknown,Google Places result for: food pantry Flushing NYC
South Asian Council for Social Services,food,"143-06 45th Ave, Flushing, NY 11355, USA",Queens,Flushing,40.753922599999996,-73.81806689999999,(718) 321-7929,http://sacssny.org/,Monday: 10:00 AM – 5:30 PM; Tuesday: 10:00 AM – 5:30 PM; Wednesday: 10:00 AM – 5:30 PM; Thursday: 10:00 AM – 5:30 PM; Friday: 10:00 AM – 5:30 PM; Saturday: Closed; Sunday: Closed,unknown,Google Places result for: food pantry Flushing NYC
South Asian Council For Social Services (Sacss) South Asian - Food Pantry,food,"143-02 45th Ave, Flushing, NY 11355, USA",Queens,Flushing,40.75374,-73.818116,(718) 321-7929,https://www.sacssny.org/,Monday: 10:00 AM – 5:30 PM; Tuesday: 10:00 AM – 5:30 PM; Wednesday: 10:00 AM – 5:30 PM; Thursday: 10:00 AM – 5:30 PM; Friday: 10:00 AM – 5:30 PM; Saturday: Closed; Sunday: Closed,unknown,Google Places result for: food pantry Flushing NYC
Jovehnes 24 hr AD Inc. - Food Distribution Center,food,"33-19 101st St, Flushing, NY 11368, USA",Queens,Flushing,40.756839899999996,-73.867032,(718) 458-0108,,,unknown,Google Places result for: food pantry Flushing NYC
Food Sharing With Our Neighbors Programs - Food Pantry,food,"38-24 149th St, Flushing, NY 11354, USA",Queens,Flushing,40.763722,-73.8171449,(718) 939-8599,,Monday: Closed; Tuesday: Closed; Wednesday: Closed; Thursday: 10:00 AM – 12:00 PM; Friday: Closed; Saturday: Closed; Sunday: Closed,unknown,Google Places result for: food pantry Flushing NYC
Murray Hill Neighborhood Association-Food Pantry,food,"41-54 Murray St, Flushing, NY 11355, USA",Queens,Flushing,40.7616793,-73.8126363,(646) 584-9118,http://www.murrayhillflushing.com/mhna-food-pantry.html,Monday: Closed; Tuesday: Closed; Wednesday: Closed; Thursday: Closed; Friday: Closed; Saturday: 11:00 AM – 12:00 PM; Sunday: Closed,unknown,Google Places result for: food pantry Flushing NYC
Woodside Community Fridge,food,"62-01 39th Ave, Flushing, NY 11377, USA",Queens,Flushing,40.7470658,-73.9013949,,https://www.instagram.com/gratisgrove/,Monday: Open 24 hours; Tuesday: Open 24 hours; Wednesday: Open 24 hours; Thursday: Open 24 hours; Friday: Open 24 hours; Saturday: Open 24 hours; Sunday: Open 24 hours,unknown,Google Places result for: food pantry Flushing NYC
Self-help Prince Street Senior Center - Food Distribution Center,food,"36-12 Prince St, Flushing, NY 11354, USA",Queens,Flushing,40.761880999999995,-73.83331,,,Monday: 11:00 AM – 3:00 PM; Tuesday: 11:00 AM – 3:00 PM; Wednesday: 11:00 AM – 3:00 PM; Thursday: 11:00 AM – 3:00 PM; Friday: 11:00 AM – 3:00 PM; Saturday: 11:00 AM – 3:00 PM; Sunday: Closed,unknown,Google Places result for: food pantry Flushing NYC
St. Michael's Roman Catholic Church,food,"136-76 41st Ave, Flushing, NY 11355, USA",Queens,Flushing,40.7588493,-73.826184,(718) 961-0295,https://stmichaelsflushing.org/,,unknown,Google Places result for: food pantry Flushing NYC
Davis Temple Church - Food Distribution Center,food,"104-13 Northern Blvd, Flushing, NY 11369, USA",Queens,Flushing,40.7579984,-73.8639895,(718) 639-1417,,,unknown,Google Places result for: food pantry Flushing NYC
YWCA Queens,food,"42-07 Parsons Blvd, Flushing, NY 11355, USA",Queens,Flushing,40.758044999999996,-73.81879,(718) 353-4553,http://www.ywcaqueens.org/,Monday: 9:00 AM – 5:00 PM; Tuesday: 9:00 AM – 5:00 PM; Wednesday: 9:00 AM – 5:00 PM; Thursday: 9:00 AM – 5:00 PM; Friday: 9:00 AM – 5:00 PM; Saturday: Closed; Sunday: Closed,unknown,Google Places result for: food pantry Flushing NYC
Pomonok Community Center - Food Pantry,food,"67-09 Kissena Blvd, Flushing, NY 11367, USA",Queens,Flushing,40.735079899999995,-73.81420899999999,(718) 591-6060,https://www.qchnyc.org/programs/adult-family-services/food-access-initiatives,Monday: Closed; Tuesday: 10:00 AM – 1:00 PM; Wednesday: Closed; Thursday: 10:00 AM – 1:00 PM; Friday: Closed; Saturday: Closed; Sunday: Closed,unknown,Google Places result for: food pantry Flushing NYC
Charles B. Wang Community Health Center,health,"136-26 37th Ave, Flushing, NY 11354, USA",Queens,Flushing,40.7616243,-73.8300634,(718) 886-1222,https://www.cbwchc.org/,Monday: 9:00 AM – 6:00 PM; Tuesday: 9:00 AM – 6:00 PM; Wednesday: 10:00 AM – 6:00 PM; Thursday: 9:00 AM – 6:00 PM; Friday: 9:00 AM – 6:00 PM; Saturday: 9:00 AM – 6:00 PM; Sunday: 9:00 AM – 6:00 PM,unknown,Google Places result for: free clinic Flushing NYC
Charles B. Wang Community Health Center,health,"137-43 45th Ave, Flushing, NY 11355, USA",Queens,Flushing,40.7518022,-73.8219938,(929) 362-3006,https://www.cbwchc.org/,Monday: 9:00 AM – 5:00 PM; Tuesday: 9:00 AM – 5:00 PM; Wednesday: 10:00 AM – 5:00 PM; Thursday: 9:00 AM – 5:00 PM; Friday: 9:00 AM – 5:00 PM; Saturday: 9:00 AM – 5:00 PM; Sunday: Closed,unknown,Google Places result for: free clinic Flushing NYC
Charles B. Wang Community Health Center,health,"131-72 40th Rd 4th Floor, Flushing, NY 11354, USA",Queens,Flushing,40.756856299999995,-73.8343531,(718) 587-1111,https://www.cbwchc.org/,Monday: 8:00 AM – 6:00 PM; Tuesday: 8:00 AM – 6:00 PM; Wednesday: 10:00 AM – 6:00 PM; Thursday: 8:00 AM – 6:00 PM; Friday: 8:00 AM – 6:00 PM; Saturday: 9:00 AM – 6:00 PM; Sunday: 9:00 AM – 6:00 PM,unknown,Google Places result for: free clinic Flushing NYC
VNS Health Flushing Community Center,health,"136-52 39th Ave, Flushing, NY 11354, USA",Queens,Flushing,40.7605615,-73.8284639,(718) 321-7695,https://www.vnshealth.org/about/service-areas/queens/,Monday: 9:00 AM – 5:00 PM; Tuesday: 9:00 AM – 5:00 PM; Wednesday: 9:00 AM – 5:00 PM; Thursday: 9:00 AM – 5:00 PM; Friday: 9:00 AM – 5:00 PM; Saturday: Closed; Sunday: Closed,unknown,Google Places result for: free clinic Flushing NYC
Flushing Hospital Medical Center,health,"45-00 Parsons Blvd, Flushing, NY 11355, USA",Queens,Flushing,40.755201299999996,-73.81691049999999,(718) 670-5000,https://flushinghospital.org/?utm_source=google&utm_medium=organic&utm_campaign=gmb_listing,Monday: Open 24 hours; Tuesday: Open 24 hours; Wednesday: Open 24 hours; Thursday: Open 24 hours; Friday: Open 24 hours; Saturday: Open 24 hours; Sunday: Open 24 hours,unknown,Google Places result for: free clinic Flushing NYC
HealthNeed Medical Urgent Care,health,"136-21 Roosevelt Ave, Flushing, NY 11354, USA",Queens,Flushing,40.759998599999996,-73.8293434,(718) 888-1808,http://www.healthneeduc.com/,Monday: 9:00 AM – 7:00 PM; Tuesday: 9:00 AM – 7:00 PM; Wednesday: 9:00 AM – 7:00 PM; Thursday: 9:00 AM – 7:00 PM; Friday: 9:00 AM – 7:00 PM; Saturday: 9:00 AM – 6:00 PM; Sunday: 9:00 AM – 6:00 PM,unknown,Google Places result for: free clinic Flushing NYC
HealthNeed Medical Urgent Care,health,"139-11 Franklin Ave, Flushing, NY 11355, USA",Queens,Flushing,40.755469999999995,-73.825287,(718) 888-9909,https://www.healthneeduc.com/,Monday: 9:00 AM – 7:00 PM; Tuesday: 9:00 AM – 7:00 PM; Wednesday: 9:00 AM – 7:00 PM; Thursday: 9:00 AM – 7:00 PM; Friday: 9:00 AM – 7:00 PM; Saturday: 9:00 AM – 7:00 PM; Sunday: 9:00 AM – 7:00 PM,unknown,Google Places result for: free clinic Flushing NYC
PHS Neighborhood WIC Flushing,health,"42-60 Main St, Flushing, NY 11355, USA",Queens,Flushing,40.753316,-73.8277018,(718) 961-6381,http://www.healthsolutions.org/,Monday: Closed; Tuesday: 8:30 AM – 4:00 PM; Wednesday: 8:30 AM – 4:00 PM; Thursday: 8:30 AM – 4:00 PM; Friday: Closed; Saturday: Closed; Sunday: Closed,unknown,Google Places result for: free clinic Flushing NYC
"4500 Parsons Blvd, Queens, NY 11355",health,"45-00 Parsons Blvd, Flushing, NY 11355, USA",Queens,Flushing,40.7550786,-73.8171474,(718) 670-5000,,Monday: Open 24 hours; Tuesday: Open 24 hours; Wednesday: Open 24 hours; Thursday: Open 24 hours; Friday: Open 24 hours; Saturday: Open 24 hours; Sunday: Open 24 hours,unknown,Google Places result for: free clinic Flushing NYC
QAllCare Urgent Care & Primary Care,health,"31-47, 31-47 137th St Cf, Flushing, NY 11354, USA",Queens,Flushing,40.7681985,-73.83081179999999,(917) 563-1111,https://qallcare.com/,Monday: 9:00 AM – 5:00 PM; Tuesday: 9:00 AM – 5:00 PM; Wednesday: 9:00 AM – 5:00 PM; Thursday: 9:00 AM – 5:00 PM; Friday: 9:00 AM – 5:00 PM; Saturday: Closed; Sunday: Closed,unknown,Google Places result for: free clinic Flushing NYC
Queens Crossing,health,"136-17 39th Ave, Flushing, NY 11354, USA",Queens,Flushing,40.76076390000001,-73.8297472,(718) 713-0880,http://www.queenscrossing.com,Monday: 11:00 AM – 11:00 PM; Tuesday: 11:00 AM – 11:00 PM; Wednesday: 11:00 AM – 11:00 PM; Thursday: 11:00 AM – 11:00 PM; Friday: 11:00 AM – 11:00 PM; Saturday: 11:00 AM – 11:00 PM; Sunday: 11:00 AM – 11:00 PM,unknown,Google Places result for: free clinic Flushing NYC
Al Oerter Recreation Center,health,"131-40 Fowler Ave, Flushing, NY 11355, USA",Queens,Flushing,40.751388899999995,-73.8338889,(718) 353-7853,https://www.nycgovparks.org/facilities/recreationcenters/Q099-NMD01,Monday: 6:00 AM – 10:00 PM; Tuesday: 6:00 AM – 10:00 PM; Wednesday: 6:00 AM – 10:00 PM; Thursday: 6:00 AM – 10:00 PM; Friday: 6:00 AM – 10:00 PM; Saturday: 8:00 AM – 9:00 PM; Sunday: Closed,unknown,Google Places result for: free clinic Flushing NYC
AFC Urgent Care Flushing,health,"133-37 41st Ave, Flushing, NY 11355, USA",Queens,Flushing,40.7579967,-73.8304982,(347) 783-6008,https://www.afcurgentcare.com/primary-care-flushing-ny/,Monday: 8:00 AM – 8:00 PM; Tuesday: 8:00 AM – 8:00 PM; Wednesday: 8:00 AM – 8:00 PM; Thursday: 8:00 AM – 8:00 PM; Friday: 8:00 AM – 8:00 PM; Saturday: 8:00 AM – 5:00 PM; Sunday: 8:00 AM – 5:00 PM,unknown,Google Places result for: free clinic Flushing NYC
Sun Pain & Wellness,health,"29-36 Union St, Flushing, NY 11354, USA",Queens,Flushing,40.7713405,-73.82677989999999,(718) 888-1160,http://www.sunpainclinic.com/,Monday: 10:00 AM – 6:00 PM; Tuesday: 10:00 AM – 6:00 PM; Wednesday: 10:00 AM – 6:00 PM; Thursday: 10:00 AM – 6:00 PM; Friday: 10:00 AM – 6:00 PM; Saturday: 10:00 AM – 2:00 PM; Sunday: Closed,unknown,Google Places result for: free clinic Flushing NYC
AFC Flushing Primary Care,health,"133-37 41st Ave, Flushing, NY 11355, USA",Queens,Flushing,40.7579758,-73.8302502,(347) 783-6008,https://www.afcurgentcare.com/primary-care-flushing-ny/,Monday: 8:00 AM – 8:00 PM; Tuesday: 8:00 AM – 8:00 PM; Wednesday: 8:00 AM – 8:00 PM; Thursday: 8:00 AM – 8:00 PM; Friday: 8:00 AM – 8:00 PM; Saturday: 8:00 AM – 5:00 PM; Sunday: 8:00 AM – 5:00 PM,unknown,Google Places result for: free clinic Flushing NYC
Asia Pacific Immigration and Citizenship Center,immigrant_services,"136-75 37th Ave Suite#12, Flushing, NY 11354, USA",Queens,Flushing,40.7624229,-73.828019,(718) 661-0887,http://www.yataiyimin.com/,Monday: 9:00 AM – 6:00 PM; Tuesday: 9:00 AM – 6:00 PM; Wednesday: 9:00 AM – 6:00 PM; Thursday: 9:00 AM – 6:00 PM; Friday: Closed; Saturday: 9:00 AM – 6:00 PM; Sunday: 9:00 AM – 6:00 PM,unknown,Google Places result for: immigrant services Flushing NYC
E & S Immigration Services,immigrant_services,"136-17 39th Ave Suite 3G-315, Flushing, NY 11354, USA",Queens,Flushing,40.7606155,-73.8296842,(347) 588-7808,https://www.eslawservices.com/,Monday: 9:00 AM – 5:30 PM; Tuesday: 9:00 AM – 5:30 PM; Wednesday: 9:00 AM – 5:30 PM; Thursday: 9:00 AM – 5:30 PM; Friday: 9:00 AM – 5:30 PM; Saturday: Closed; Sunday: Closed,unknown,Google Places result for: immigrant services Flushing NYC
Pathought Immigration 智途移民,immigrant_services,"141-47 Northern Blvd #3l, Flushing, NY 11354, USA",Queens,Flushing,40.764793499999996,-73.8241243,(347) 445-7315,,Monday: 9:00 AM – 7:00 PM; Tuesday: 9:00 AM – 7:00 PM; Wednesday: 9:00 AM – 7:00 PM; Thursday: 9:00 AM – 7:00 PM; Friday: 9:00 AM – 7:00 PM; Saturday: 9:00 AM – 7:00 PM; Sunday: 9:00 AM – 7:00 PM,unknown,Google Places result for: immigrant services Flushing NYC
Sunshine Generation 阳光时代移民入籍中心,immigrant_services,"136-68 Roosevelt Ave Ste 868, Flushing, NY 11354, USA",Queens,Flushing,40.760008400000004,-73.8277032,(929) 608-1093,,,unknown,Google Places result for: immigrant services Flushing NYC
CHENG XIN NATURALIZATION LLC,immigrant_services,"136-08 38th Ave #301, Flushing, NY 11354, USA",Queens,Flushing,40.7608427,-73.83041690000002,(718) 358-8833,https://sites.google.com/view/chengxinny/home,Monday: 9:30 AM – 5:30 PM; Tuesday: 9:30 AM – 5:30 PM; Wednesday: 9:30 AM – 5:30 PM; Thursday: 9:30 AM – 5:30 PM; Friday: 9:30 AM – 5:30 PM; Saturday: 10:00 AM – 4:00 PM; Sunday: Closed,unknown,Google Places result for: immigrant services Flushing NYC
"Sunshine Generation Immigration and Naturalization Center, Department Two",immigrant_services,"136-85 Roosevelt Ave, Flushing, NY 11354, USA",Queens,Flushing,40.760558599999996,-73.8272035,(929) 775-5888,,Monday: 10:00 AM – 5:30 PM; Tuesday: 10:00 AM – 5:30 PM; Wednesday: 10:00 AM – 5:30 PM; Thursday: 10:00 AM – 5:30 PM; Friday: 10:00 AM – 5:30 PM; Saturday: 10:00 AM – 5:30 PM; Sunday: 10:00 AM – 5:30 PM,unknown,Google Places result for: immigrant services Flushing NYC
KANG'S LANGUAGE SERVICE INC,immigrant_services,"136-21 Roosevelt Ave # 212, Flushing, NY 11354, USA",Queens,Flushing,40.760031399999995,-73.82934929999999,(718) 886-3911,https://mskangusa.blogspot.com/,Monday: 9:30 AM – 5:30 PM; Tuesday: 9:30 AM – 5:30 PM; Wednesday: 9:30 AM – 5:30 PM; Thursday: 9:30 AM – 5:30 PM; Friday: 9:30 AM – 5:30 PM; Saturday: 9:30 AM – 5:30 PM; Sunday: 10:00 AM – 5:00 PM,unknown,Google Places result for: immigrant services Flushing NYC
小宇移民服务中心immigration service,immigrant_services,"133-47 Roosevelt Ave #2fl, Flushing, NY 11354, USA",Queens,Flushing,40.75889,-73.8327025,(917) 972-8811,,Monday: 9:30 AM – 6:00 PM; Tuesday: 9:30 AM – 6:00 PM; Wednesday: 9:30 AM – 6:00 PM; Thursday: 12:00 – 6:00 PM; Friday: 9:30 AM – 6:00 PM; Saturday: 10:30 AM – 4:00 PM; Sunday: 10:30 AM – 3:30 PM,unknown,Google Places result for: immigrant services Flushing NYC
New Qingteng Elite Service Inc,immigrant_services,"133-45 Roosevelt Ave, Flushing, NY 11354, USA",Queens,Flushing,40.7588727,-73.8327834,(347) 732-4200,,Monday: 10:00 AM – 5:00 PM; Tuesday: 10:00 AM – 5:00 PM; Wednesday: 10:00 AM – 5:00 PM; Thursday: 10:00 AM – 5:00 PM; Friday: 10:00 AM – 5:00 PM; Saturday: Closed; Sunday: Closed,unknown,Google Places result for: immigrant services Flushing NYC
华美入籍 纽约 入籍培训 移民入籍中心／入籍考试 入籍 美国入籍考试 入籍培训班 入籍面试 材料 攻略 申请／法拉盛 入籍班 美国入籍 美国公民入籍 移民入籍 入籍美国,immigrant_services,"135-27 38th Ave #1-127, Flushing, NY 11354, USA",Queens,Flushing,40.7606608,-73.8318453,(929) 789-2821,,,unknown,Google Places result for: immigrant services Flushing NYC
MinKwon Center for Community Action,immigrant_services,"133-29 41st Ave Suite 202, Flushing, NY 11355, USA",Queens,Flushing,40.7577053,-73.83070140000001,(718) 460-5600,http://www.minkwon.org/,"Monday: 10:00 AM – 1:00 PM, 2:00 – 6:00 PM; Tuesday: 10:00 AM – 1:00 PM, 2:00 – 6:00 PM; Wednesday: 10:00 AM – 1:00 PM, 2:00 – 6:00 PM; Thursday: 10:00 AM – 1:00 PM, 2:00 – 6:00 PM; Friday: 10:00 AM – 1:00 PM, 2:00 – 6:00 PM; Saturday: Closed; Sunday: Closed",unknown,Google Places result for: immigrant services Flushing NYC
JiaHe immigration service,immigrant_services,"37-19 Main St, Flushing, NY 11354, USA",Queens,Flushing,40.7599364,-73.8308058,(718) 886-8087,,Monday: 10:00 AM – 6:00 PM; Tuesday: 10:00 AM – 6:00 PM; Wednesday: 10:00 AM – 6:00 PM; Thursday: 10:00 AM – 6:00 PM; Friday: Closed; Saturday: 10:00 AM – 5:00 PM; Sunday: 10:00 AM – 5:00 PM,unknown,Google Places result for: immigrant services Flushing NYC
US International Students Services Center,immigrant_services,"135-29 40th Rd, Flushing, NY 11354, USA",Queens,Flushing,40.758913,-73.8306659,(718) 358-5658,,,unknown,Google Places result for: immigrant services Flushing NYC
Qihang Immigration,immigrant_services,"136-33 37th Ave #2A1, Flushing, NY 11354, USA",Queens,Flushing,40.762248899999996,-73.8300064,(718) 210-5566,https://www.qihangus.com/,Monday: 9:30 AM – 5:30 PM; Tuesday: 9:30 AM – 5:30 PM; Wednesday: 9:30 AM – 5:30 PM; Thursday: 9:30 AM – 5:30 PM; Friday: 9:30 AM – 5:30 PM; Saturday: Closed; Sunday: Closed,unknown,Google Places result for: immigrant services Flushing NYC
Joyloon Travel Immigration Inc,immigrant_services,"3-97 Prince St, Flushing, NY 11354, USA",Queens,Flushing,40.7593889,-73.8318898,(718) 888-9458,,Monday: Open 24 hours; Tuesday: Open 24 hours; Wednesday: Open 24 hours; Thursday: Open 24 hours; Friday: Open 24 hours; Saturday: Open 24 hours; Sunday: Open 24 hours,unknown,Google Places result for: immigrant services Flushing NYC
